{
  "Ver Video Individual" : {
    "transaction" : "Ver Video Individual",
    "sampleCount" : 1408,
    "errorCount" : 1408,
    "errorPct" : 100.0,
    "meanResTime" : 324.2571022727272,
    "medianResTime" : 4.0,
    "minResTime" : 0.0,
    "maxResTime" : 30003.0,
    "pct1ResTime" : 50.0,
    "pct2ResTime" : 660.0,
    "pct3ResTime" : 1345.6400000000003,
    "throughput" : 4.584258541762986,
    "receivedKBytesPerSec" : 0.996552369171187,
    "sentKBytesPerSec" : 2.571313373385905
  },
  "Total" : {
    "transaction" : "Total",
    "sampleCount" : 4229,
    "errorCount" : 1955,
    "errorPct" : 46.228424,
    "meanResTime" : 369.7765429179466,
    "medianResTime" : 11.0,
    "minResTime" : 0.0,
    "maxResTime" : 30010.0,
    "pct1ResTime" : 671.0,
    "pct2ResTime" : 1309.0,
    "pct3ResTime" : 2002.6999999999998,
    "throughput" : 12.819774403497018,
    "receivedKBytesPerSec" : 4.755245191637288,
    "sentKBytesPerSec" : 4379.385678329838
  },
  "Upload Video" : {
    "transaction" : "Upload Video",
    "sampleCount" : 1409,
    "errorCount" : 532,
    "errorPct" : 37.757275,
    "meanResTime" : 411.5230660042586,
    "medianResTime" : 90.0,
    "minResTime" : 6.0,
    "maxResTime" : 30003.0,
    "pct1ResTime" : 1315.0,
    "pct2ResTime" : 1340.0,
    "pct3ResTime" : 2007.5000000000005,
    "throughput" : 4.496612381800368,
    "receivedKBytesPerSec" : 1.0513410701634291,
    "sentKBytesPerSec" : 4606.827299038686
  },
  "Login" : {
    "transaction" : "Login",
    "sampleCount" : 1412,
    "errorCount" : 15,
    "errorPct" : 1.062323,
    "meanResTime" : 373.50920679886684,
    "medianResTime" : 7.0,
    "minResTime" : 2.0,
    "maxResTime" : 30010.0,
    "pct1ResTime" : 89.00000000000045,
    "pct2ResTime" : 670.0,
    "pct3ResTime" : 26360.739999996942,
    "throughput" : 4.28033139222932,
    "receivedKBytesPerSec" : 2.828751480647567,
    "sentKBytesPerSec" : 1.063611527717571
  }
}