{
  "Listar Videos Públicos" : {
    "transaction" : "Listar Videos Públicos",
    "sampleCount" : 291,
    "errorCount" : 0,
    "errorPct" : 0.0,
    "meanResTime" : 40.037800687285205,
    "medianResTime" : 38.0,
    "minResTime" : 19.0,
    "maxResTime" : 112.0,
    "pct1ResTime" : 55.400000000000034,
    "pct2ResTime" : 70.39999999999998,
    "pct3ResTime" : 91.71999999999986,
    "throughput" : 0.9843451905773473,
    "receivedKBytesPerSec" : 73.40388974382502,
    "sentKBytesPerSec" : 0.564268190301663
  },
  "Ver Video Individual" : {
    "transaction" : "Ver Video Individual",
    "sampleCount" : 290,
    "errorCount" : 290,
    "errorPct" : 100.0,
    "meanResTime" : 10.424137931034481,
    "medianResTime" : 9.0,
    "minResTime" : 2.0,
    "maxResTime" : 57.0,
    "pct1ResTime" : 19.0,
    "pct2ResTime" : 27.44999999999999,
    "pct3ResTime" : 46.89999999999975,
    "throughput" : 0.9843689007314879,
    "receivedKBytesPerSec" : 0.1826465733779128,
    "sentKBytesPerSec" : 0.560347090808031
  },
  "Total" : {
    "transaction" : "Total",
    "sampleCount" : 1460,
    "errorCount" : 752,
    "errorPct" : 51.50685,
    "meanResTime" : 15.760958904109588,
    "medianResTime" : 9.0,
    "minResTime" : 0.0,
    "maxResTime" : 112.0,
    "pct1ResTime" : 40.0,
    "pct2ResTime" : 45.0,
    "pct3ResTime" : 73.0,
    "throughput" : 4.887274674879073,
    "receivedKBytesPerSec" : 76.10721432666075,
    "sentKBytesPerSec" : 1.7355735434415116
  },
  "Upload Video" : {
    "transaction" : "Upload Video",
    "sampleCount" : 292,
    "errorCount" : 292,
    "errorPct" : 100.0,
    "meanResTime" : 1.424657534246576,
    "medianResTime" : 1.0,
    "minResTime" : 0.0,
    "maxResTime" : 6.0,
    "pct1ResTime" : 2.0,
    "pct2ResTime" : 3.0,
    "pct3ResTime" : 5.069999999999993,
    "throughput" : 0.9844377916228391,
    "receivedKBytesPerSec" : 2.4880126999217844,
    "sentKBytesPerSec" : 0.0
  },
  "Registro de Usuario" : {
    "transaction" : "Registro de Usuario",
    "sampleCount" : 294,
    "errorCount" : 170,
    "errorPct" : 57.823128,
    "meanResTime" : 14.55102040816326,
    "medianResTime" : 12.0,
    "minResTime" : 2.0,
    "maxResTime" : 88.0,
    "pct1ResTime" : 26.0,
    "pct2ResTime" : 36.75,
    "pct3ResTime" : 59.4500000000001,
    "throughput" : 0.9841630095303133,
    "receivedKBytesPerSec" : 0.1869954177002052,
    "sentKBytesPerSec" : 0.3784203796643134
  },
  "Login" : {
    "transaction" : "Login",
    "sampleCount" : 293,
    "errorCount" : 0,
    "errorPct" : 0.0,
    "meanResTime" : 12.433447098976112,
    "medianResTime" : 9.0,
    "minResTime" : 2.0,
    "maxResTime" : 92.0,
    "pct1ResTime" : 26.600000000000023,
    "pct2ResTime" : 42.0,
    "pct3ResTime" : 85.30000000000001,
    "throughput" : 0.984410697486897,
    "receivedKBytesPerSec" : 0.6315994416493079,
    "sentKBytesPerSec" : 0.2470640129434888
  }
}