{
  "Listar Videos Públicos" : {
    "transaction" : "Listar Videos Públicos",
    "sampleCount" : 468,
    "errorCount" : 0,
    "errorPct" : 0.0,
    "meanResTime" : 126.08333333333336,
    "medianResTime" : 123.0,
    "minResTime" : 79.0,
    "maxResTime" : 420.0,
    "pct1ResTime" : 144.0,
    "pct2ResTime" : 163.0,
    "pct3ResTime" : 232.24,
    "throughput" : 1.5802642553004695,
    "receivedKBytesPerSec" : 818.1386078310873,
    "sentKBytesPerSec" : 0.9058741385364997
  },
  "Total" : {
    "transaction" : "Total",
    "sampleCount" : 1410,
    "errorCount" : 436,
    "errorPct" : 30.921986,
    "meanResTime" : 49.32765957446809,
    "medianResTime" : 11.0,
    "minResTime" : 2.0,
    "maxResTime" : 420.0,
    "pct1ResTime" : 131.0,
    "pct2ResTime" : 138.0,
    "pct3ResTime" : 187.4500000000005,
    "throughput" : 4.7280372609574775,
    "receivedKBytesPerSec" : 813.7459496795162,
    "sentKBytesPerSec" : 1.9037698238051646
  },
  "Registro de Usuario" : {
    "transaction" : "Registro de Usuario",
    "sampleCount" : 472,
    "errorCount" : 436,
    "errorPct" : 92.37288,
    "meanResTime" : 12.582627118644066,
    "medianResTime" : 9.0,
    "minResTime" : 2.0,
    "maxResTime" : 194.0,
    "pct1ResTime" : 21.0,
    "pct2ResTime" : 26.0,
    "pct3ResTime" : 107.80999999999995,
    "throughput" : 1.5836481616931615,
    "receivedKBytesPerSec" : 0.269673137703576,
    "sentKBytesPerSec" : 0.6089926135562967
  },
  "Login" : {
    "transaction" : "Login",
    "sampleCount" : 470,
    "errorCount" : 0,
    "errorPct" : 0.0,
    "meanResTime" : 9.799999999999997,
    "medianResTime" : 9.0,
    "minResTime" : 2.0,
    "maxResTime" : 123.0,
    "pct1ResTime" : 12.0,
    "pct2ResTime" : 15.449999999999989,
    "pct3ResTime" : 105.58000000000004,
    "throughput" : 1.5816075863322183,
    "receivedKBytesPerSec" : 1.014761898652605,
    "sentKBytesPerSec" : 0.39694643524158213
  }
}